{"cameraMode":{"drawMode":0,"name":"Shaded","section":"Shading Mode"},"sceneLighting":true,"audioPlay":false,"sceneViewState":{"showFog":true,"showMaterialUpdate":false,"showSkybox":true,"showFlares":true,"showImageEffects":true,"showParticleSystems":true,"showVisualEffectGraphs":true,"m_FxEnabled":true},"in2DMode":false,"pivot":{"x":3.1159048080444338,"y":2.3243651390075685,"z":-0.2857379913330078},"rotation":{"x":0.08071363717317581,"y":0.217966690659523,"z":-0.018093803897500039,"w":0.9724611043930054},"size":3.9850685596466066,"orthographic":false}