{"cameraMode":{"drawMode":0,"name":"Shaded","section":"Shading Mode"},"sceneLighting":true,"audioPlay":false,"sceneViewState":{"showFog":true,"showMaterialUpdate":false,"showSkybox":true,"showFlares":true,"showImageEffects":true,"showParticleSystems":true,"showVisualEffectGraphs":true,"m_FxEnabled":true},"in2DMode":false,"pivot":{"x":-0.16845297813415528,"y":0.8981868624687195,"z":1.0008509159088135},"rotation":{"x":0.08071363717317581,"y":0.217966690659523,"z":-0.018093803897500039,"w":0.9724611043930054},"size":2.1850688457489015,"orthographic":false}